TOKYO,SAPPORO,OSAKA,FUKUOKA,KAGOSHIMA
35.68916667,43.06416667,34.68638889,33.60638889,31.56027778
139.6916667,141.3466667,135.52,130.4180556,130.5602778
